,review,score
0,아기 안나가 너무 귀여워서 시작하자마자 울뻔했습니다 ㅠㅠ,10
1,완벽한 결말입니다. 안나 똑똑하고 솔직당당한거에 비해 주목을 못받는게 안타까웠었는데 완벽!한 결말!,10
2,노래가 넘 좋았어요마지막에 엘사 넘 예뻐용!!!,10
3,1편보다는 조금 아쉽지만 엘사가 2곡이나 불러줘서 좋았어요.노래보다는 아↗아↘아↗아↘ 가 더 기억에 남음.,9
4,"영상미에 놀라고 크리스토프때문에 웃다가 목소리 때문에 안타까움을, 할아버지에게서 인간의 본성을 보았다. into the unknown 부분에서의 엘사의 고뇌도 느꼈네. 너무 노래만 나오는 것 같아서 진부하다 생각했고, 30대인 나는 스토리가 보였지만 막상 보아하니 감동적이랄까? 전 편...",9
5,겨울왕국은 스토리면에서는 치밀하지는 못한 것 같다는 생각이 듭니다. 1편에서도 그렇고 스토리 전개가 개연성이 없는 면이 많죠. 정말 많은 부분에서 스토리 흐름이 우연적으로 진행되는 경우가 많네요. 가장 말도 안된다고 생각한 건 마법의 숲에 갇혀 있던 아렌델 병사들...어떻게 52년...,10
6,내가 지금 영화를 보는건지전국노래자랑을 보는건지 당췌 이해가 안가네,2
7,겨울왕국2 영화를 봤는데 너무 감동적이고 영화 스토리가 너무 좋았고 눈물도 흘리고 또 겨울왕국3 개봉헀으면 좋겠다 라는 생각을 들고 이번 영화 진짜 재미 있었습니다.,10
8,정말 제 마음을 감동시킨 환상의 영화인것 같습니다ㅠㅠ 어른이 된 저마저 동심의 세계로 빠져들게 하는 역대급 디즈니영화!,10
9,역시 1편을 넘지 못해서 아쉽네요...,6
10,영상미는 명불허전이고 캐릭터들의 개성도 여전히 좋았지만 극 흐름이 매끄럽지 못하고 개연성이 떨어짐. 가장 결정적인 문제는 메인 빌런이 아예 없다는 것인듯. 전편보다 어두운 분위기로 주인공들의 역경을 보여주려고 한거면 강력한 빌런을 넣어서 주요인물들이 패배하거나 살해...,6
11,전작만큼의 감동이나 명곡은 없음. 그치만 1편이랑 비교했을때 그렇다는거고 2편 자체는 꿀잼. 스토리 자체가 새로운 에피소드라기 보단 1편을 설명하는 느낌에 가깝고 안나가 아렌델 여왕된걸 보면 앞으로의 후속편을 위한 밑밥같기도 했음! 이렇게 된거 3편 4편 쭉 나왔으면 좋겠다,9
12,레딧고 만큼 기억에 남는 노래는 없지만 전작 재밌게 봤다면 만족스럽습니다. 사알짝 뭔가 사알짝 아쉬움이 남지만 간만에 겨울왕국 등장인물들 보니 옛날 친구보는 기분이고 재미있었어요 가장 기억에 남는건 올라프 1편요약 ㅋㅋ,9
13,1편에 비해 노래 과하게 많이 넣음. 근데 기억에 남는 노래는 딱히 없음. 스토리도 매력이 없고 뜬금없다고 느껴지는 스토리. 안나는 계속 엘사와 함께 하자고 하는데 1편과 마찬가지로 엘사는 안나를 밀어내고 동생 취급하는데 벗어나질 못함. 후속편인데 그래도 좀 달라진 모습 보여주...,5
14,물은 알고 있다!!! 우와~엘사여왕 신통력 쓰신다!!! 우와~그런데 전반적으로 영 와닿지는 않는다...굳이 볼 필요가 없는 후속편.,5
15,"1편을 너무너무 사랑하는 사람으로서 실망이 컸던 2편. 발전된 거라곤 영상미 하나 밖에 없다. 한층 진지하고 무게감 있는 이야기로 돌아왔지만 까보니 캐릭터들은 다 따로 놀고, 감정선은 따라가기 힘들고, 개연성과 설명이 부족한 설정 까지...차라리 유치할지언정 깔끔했던 1...",5
16,"인생영화....재탕하면 재탕할수록 빛이난다.렛잇고의 높은 벽을 넘지 못했지만 대부분의 테마가 그에 준하게 좋다.후련하기도 하고 아쉽기도 한 마무리였지만 개인적으로 토이스토리처럼 3,4가 나왔으면 좋겠다 싶은 영화",10
17,파도에 휩쓸려도 쓰러지지 않는 엘사. 왕국을 위해 힘차게 달리는 안나. 개인적으로 엘사의 코스튬이 레깅스로 바뀐 것에 박수를 보내고싶다.,9
18,엘사가 자신을 찾는 건 좋았지만 뜬금없구 힘이 부진한 스토리.. 하지만 넘나 예뿐 엘사온니ㅠㅠ 크리스토프 옛감성솔로가 젤 조흠,7
19,크리스토퍼 뮤비 장면 나왔을때 빵 터졌습니다ㅋㅋ,10
20,음악이 좋아요,9
21,오에스티와 올라프가 너무 좋았던 영화입니다,9
22,3D애니메이션의 끝판왕 아~아~아아!!! 다좋은데 특히 물의정령 말이 진짜 멋있었다,10
23,자다말고 고성방가로 동네사람들 다 깨우는 엘사 인성;;,7
24,엘사와 말 크리스토퍼의 뮤비만 기억에남음..,8
25,어른이봐도 좋을 애니메이션. 개인적으로 시즌2가 더 좋다. 얼음에 이어 물이라니. 말이나올때부터 이 영화에 매료됐다,9
26,말이 필요없는 영화 정말 굿!,10
27,"내용이 너무 재미있고, 아이들이 보기에 이해가 쉽게 번역이되어있어 좋아요",10
28,1편에 비해 연출이 더 뮤지컬스러워요. 안나 좌절했다 일어나는 부분 연출이 특히 그랬어요. 개연성은 솔직히 잘 모르겠는데 엘사가 예뻐요. 그래도 재미있어요.,8
29,어릴때부터 공주는 왕자를 만나서 오래오래 행복하게 사는게 행복의 결말이라고 생각했는데 어른이 된 지금여자가 왕이 되고 영웅도 될 수 있는 스토리를 만나서 무척 새롭고 기쁩니다. 저는 어른이 되고 뒤늦게 희망을 얻었지만 자라나는 아이들은 더욱 제약없는 꿈을 꿀 수 있겠...,10
30,너무 기대한 나머지 30분 정도로 느껴져서 다시 보고싶습니다 하유ㅠㅜ진짜 계속 노래듣고있고 엘사와 안나 너무 이뻐요ㅜㅜㅠ제 첫사랑은 엘사인거 같습니다 겨울왕국 3까지도 기달릴수 있어요 그리고 1때는 엘사가 안나를 녹이고 2편때는 안나가 엘사를 녹이는게 인상적이였네요 ...,10
31,어른아이할거없이 정말 무한감동입니다.엘사와 안나엄마가 엘사를 부를때 엘사가 5번째 정령이란 사실이 밝혀졌을때 살짝 눈물도 났어요 ㅎ 뮤지컬같은 느끼도 들고 환상입니다,10
32,1편에 이어 2편도 재밌게 봤어요~다 보고 나서 한참동안 노래가 머릿 속에 맴돌았어요~^^,10
33,아아~~~~아아~,7
34,최고 멋져요.최고 입니다.좋아요.감동.다시보고 싶어요.하나하나 에니메이션 션이 죽여줍니다.말 .나오는 장면 전 감동 이였어요,10
35,"마지막에 엘사가 아렌델 구할때, 우리나라 지도자가 엘사였으면 좋겠다는 생각이 들었다.",10
36,엘사는 이제 신이 되었다,10
37,아아아아~~아아아~~~`,9
38,올라프가 진짜 흑막입니다. 사악한 웃음에 속지 마세요.,10
39,울라프같은 반려동물 있었으면 당장 데려다가 키우고 싶을 정도로 사랑스러워요 ?,10
40,겨울왕국1 도 너무 감동적으로 봤지만 2도 너무나 감동적이고 또 보고싶네요,10
41,"영화관람후 엘사드레스,,안나드레스 구매ㅋㅋ",8
42,"무엇 하나 빠지지 않는 명작 판타지 애니메이션입니다. 두 번 보고 글 남깁니다. 디럭스판 음반이랑 DVD 살 거예요. 첫날 보고 너무 감동 받아서 다음 날 또 예매하고 봤네요.영상미, 음악, 캐릭터, 연출 등등 매우 감탄했습니다. 구혼의 어긋남이 억지 설정이라는 분들 : 결혼으로 가는 길은 ...",10
43,1편 못지않게 2편도 짜임새있는 내용이였고 중간중간에 ost곡들 나올 때 소름돋았네요. 특히나 저는 show yourself 곡 나왔을 때 감명깊게 느껴졌습니다.,10
44,엘사 머리푼거 존예,10
45,엘사랑 엄마의 노래 콜라보가 좋왔어요,10
46,"보는 내내 소리 질렀음,,, 부모님 서사부터 백마탄 엘사님까지 완벽한 조합",10
47,여러분! 겨울왕국은 그냥 엘사의 미모와 화려한 마법에 코피 터지는 영상과 어울리는 음악이면 되는겁니다! 역시 동서양을 막론하고 여왕님은 찬양해야 합니다. 연느님과 엘사 만만세!!! 겨울왕국 1이 '두려움의 극복' 이였다면겨울왕국 2는 '성장'이 핵심 키워드라 생각됩니다.into the unkn...,10
48,겨울왕국 1보다 다른 느낌을 받았다. 저절도 찡하게 느껴진다.,10
49,완전 짱!! 겨울왕국은 다 띵작임 ㅠㅠㅠ엘사 죽엇다가 다시 살아나는 건 진짜 안나가 완전 캐리했네,10
50,엘사가 성장하는 과정을 아름답게 그려서 보기 좋았습니다. 노래 굿,9
51,너무재미있어요 1도 좋은테 2더좋네요또보고싶은영호내요뮤직컬 노래들이 좋아요겨울 왕국3도 보고싶네요 기대돼네요,10
52,아이와 보기에도 어른이 보기에도 정말 잼납니다!!! 최고에유우~~~,10
53,저를 포함해 개봉 첫 날인 어제 극장을 찾으신 분들은 겨울왕국을 애정하는 분들 또는 굿즈 쟁탈전에 참전하신 분들일 것으로 생각됩니다. 저는 음악적인 측면에서의 완성도를 느끼고 싶은 마음에 메박 MX관을 찾았는데 디즈니 영화와 이 포맷의 합이 좋지 않다는 세간의 평가가 틀리지...,7
54,겨울왕국1편도재밌어서5번봤는데이건10번넘게볼수있을정도로재밌고 노래가완전대박임이영화대박추천 마지막엘사가머리푼거찐대박!!재밌었던사람은좋아요를!,10
55,친구들이 엘시 죽는다고 해서 걱정했는데!! 안 죽어서 다행이네요!!,10
56,Show yourself 가 완전 대박임,10
57,기대 안하고 봤는데 전작보다 섬세하고 성숙해짐이 느껴져서 기분좋게 관람하였습니다 계속 흥얼거리던 into the unknown~*,10
58,영웅이 된 엘사와 여왕이 된 안나!!! 정말 재밌게 보았습니다ㅠㅠ,10
59,넘넘 짱 진짜 늦더라도 꼭 보세요!!,10
60,아이들과 재미있게 잘봤어요 쵝오^^,10
61,영화를 야무지게 잘만들었어요~굿굿,10
62,올라프 미쳤다.,10
63,겨울왕국1도 재미있었는데겨울왕국2도 너무 재미있어요 너무감동이에요ㅠㅠ,10
64,"You will always have me.Let down your guard.Love, warm hugs.Do the next right thing.",10
65,와 OST가 너무 좋네요,10
66,가족을 한번 더 생각 해주었어요. Show yourself 약간 울컥 했어요. 극장문 닫기 전에 무조건 극장에서 보세요. 이건 무조건,10
67,Show yourself 장면은 디즈니 역대 영화 장면 1순위이다.,10
68,"엘사가 5번째 얼음정령이고 엘사가 계속해서 의문의 목소리를 찾아다닌다. 바로 그 의문의 목소리는 엘사의 어머니의 목소리였다. 엘사가 안나,크리스토프,스벤,올라프와 함께 의문의 목소리를 찾으러 마법의 숲으로 들어가서 4정령을 만난다. 4정령은 불의정령 브루니, 물의정령 나크, ...",10
69,영상멋짐 재미남~ OST 최고,10
70,겨울왕국 더빙 아이맥스 슈퍼4dx 로 여자친구랑단둘이봤는데 보는사람이 저랑 여자친구 단둘밖에없어서 겨울왕국2 에서 크리스토프가 안나한태청혼하는 장면에서 여자친구한태청혼했더니 청혼받아줬습니다 애인끼리보기좋은 영화입니다30대 20대 한태추천 여러분도 겨울왕국2보...,10
71,저는 넘 잼있게 봤네요엘사 여왕님 멋져요~♥♥♥,10
72,잘봤습니다~^^안보면 아싸될것 같아 봤네요ㅎ,10
73,엘사너무예쁘요~~말타는장만 너무멋졌요^^,10
74,엘사가 show yourself 하는 부분이 정말 인상적이었다,9
75,스토리는 1이 재미있고 영상미는 2가 좋아요솔직히말해서 중간중간 재미없던 부분도있고 노래도 임팩트있는게 별로 없었어요 그래도 올라프가 너무 귀여웠고 올라프가 스토리 요약할땐 넘 귀여웠네요,8
76,기대보다 더 괜찮았어요ㅡ더빙판도 좋아요,10
77,"먼저 요약하자면, 영화 전반이 시각적인 아름다움은 전편보다도 극대화 되어있습니다. 문제는 다른 것이 다소 부족한 느낌이에요. 1편에서의 ost 대박을 의식해서인지 노래가 많아졌는데 막상 꽂힐 만한 트랙은 없고 노래의 갯수가 많아지기만 해서 좀 산만한 감이 있어요. 문제는 스토리...",7
78,내나이 칠순 올라프 사라지는거 보고 눈물흘림,10
79,엘사가 어둠의 바다인가? 거기 달리면서 막 아이스마리오마냥 발에서 얼음나오면서 계속 달리고 나중에 말타고 달리는 장면이 글케 감동적...ㅠㅠㅠ 눈물이 핑 돌더라 되게 멋있었음,10
80,올라프가 안나 얼때 설명하는데 그 아렌델 군인(?)이 ''오... 안나..ㅠ''하는게 제일 재밌음,10
81,"극중 사건들이 빠르게 전개되는 편이라 한번 보니 이해가 안 가거나 놓치는 부분이 많더라구요~ 그래서 저는 네번 봤어요! OST도 매일 듣고 있는데 노래를 아니까 N차 관람 때는 속으로 따라부르게 되네요 ㅋㅋ 풍부해진 캐릭터들의 표정 연기, 옷 질감, 머리카락, 등등 특히 마지막에 ...",10
82,다 됐고 엘사가 한스 부셔서 통쾌함,10
83,진짜 겨울왕국1은 마법때문에 힘들어하는 엘사를 그렸다면 겨울왕국 2편은 마법의 원천을 찾아 떠나는 내용인지라 1편 나올 때 봤던 꼬맹이들이 지금쯤 사춘기 시절이 되서 2편에서 심층적이고 깊은 내용을 공감할 수 있는 스토리로 만든 것 같다.,10
84,"진짜 영상보면서 너무 좋은게 마지막에 엄마랑 같이부른 show yourself가 너무 감동적이였고 이것 볼때도 너무 좋았어요 이것만 유튜브에 쳐서 듣고있어요, 진짜 겨울왕국3도 내년에 생각하신다고 했는데 아직은 희망이있어서 너무 좋네요, 생각하시고 겨울왕국3 만들어 주세요, 감사합니...",10
85,너무 좋았어요 저 올라프 사라질 때 같이 울었어요ㅠㅠ ost부터 스토리 연출 모두 다 넘 좋아요,10
86,엘사가 숨겨진세상노래 부르는게 제일좋네요.안나가 여왕이되는게 인상깊었어요.겨울왕국3나오면좋겠어요~~,10
87,노래가 너무 좋아서 맨날 듣고 싶어요.,10
88,실망스럽지 않았다~~굿,9
89,그냥 너무 재미있다!!!! 초딩때 1편 보고 이제 고3올라가는데 올라프 날라갈때 울뻔했다ㅠㅠ,10
90,친구들이 엘시 죽는다고 해서 걱정했는데!! 안 죽어서 다행이네요!!,10
91,다시보고싶은 디즈니영화,10
92,"지루하다는 사람들 노이해영상미 음악 스토리 다 좋았음 크리스토프 뮤비빼고..ㅋ엘사 물의정령 타고 아토할란으로 달릴때 개소름 영상미가 ㅎㄷㄷ""Show yourself"" 부르는 장면이 킬링포인트임벌써 5번 봤드아... 휴 또 볼꺼임♡",10
93,원더풀!ㅑ6ㅅ류샤려폇8류,10
94,"2편 연출,연기,스토리,영상미,ost 다좋았음 안나처럼 자신감을갖고, 스스로 해결하는게 멋지고 감동적임",10
95,Into the unknown~~^^,10
96,떡밥수거 bb,10
97,드디어 봤네요 너무 감동적입니다.초1아들과 봤는데 어른이나 아이나완전재밌다고 엄지척입니다!다시 한번 보고싶네용♡,10
98,재미나게 보았네요기대한만큼 내용이 꽉차지는않았지만영상미 좋았습니다,10
99,한스는 이래저래 흑역사인데 나올때마다 웃기네요 ㅎ,8
100,1편이 좀낫고 노래가너무많음 뮤직비디오 수준,6
101,1편이 그냥 엘사가 가출했다 돌아온 이야기였다면 2편은 엘사의 존재와 아렌델의 과거 모든 게 다 밝혀지고 일이 해결이 된 이야기라 훨씬 좋았다 어쩐지 아렌델에서 엘사가 뭔가 답답해보이는 이유가 있었음 엘사가 자신의 존재를 찾고 자신에게 맞는 곳에서 진짜 자기 모습으로살게 되...,10
102,크리스토퍼~~ 그런 감성이 에니메이션에서 표현할 수 있다는게 너무너무 멋져요~~,10
103,엘사가 말타고 달리던 장면 잊을수가 없네요ㅠㅠ퀸갓엘사ㅠㅠ,10
104,진짜 이거보고 하ㅠㅜㅜㅠ 역시 겨울왕국엘사가 엄마랑 Show your self 부를때 I am found 할때ㅠㅠㅠㅠ 진심 감덩 또 안나가 엘사 얼어서 올라프 사라졌을때 동굴에서 부르는 노래도 한몫하고 1편에 나왔던 부모님 배타고 돌아가실때 숨은거엘사 부모님이 서로이름부르며 껴안는거 진...,10
105,겨울왕국 전시리즈 전부 다봤는데요 역시 겨울왕국 시리즈는 월드디지니 회사의 탑중에탑이네요 이번에도 안나와엘사 노래가 너무 좋았고요 그래픽 스토리 빠짐없이 전부 좋았어요 그리고 자매들의 우정너무 눈물겨웠고요 안나가 결혼하고 아렌델 왕국의 왕이되어서 좋았어요 너무 잼...,10
106,올라프피셜 엘사는 음치다,10
107,첫 장면부터 과거에 엘사네 가족이 재밌게 지내는 것 보고 눈물 고이고 시작했다.. 엘사가 1에 이어서 계속 자기의 일상을 지키고 만족하지만 한편으로 자기의 능력에대한 고민과 부담감을 속으로만 삭히고 있었다는기 in to the unknown으로 터지는데 영문판 가사가 너무 슬퍼서 눈물 ...,10
108,스토리 전반 괜찮고 크리스토프 약간 슬픔 ㅋㅋ,10
109,엘사 너무예쁨♡♡♡♡,10
110,엘사 머리푼것도 넘 이쁘고 into the unknown 대박이고 show your self 도 눈물나고 너무 좋아요,10
111,렛잇고를 뛰어넘는 in to the unknown! 스토리가 정말 감동적이고 재밌어요!벌써 3번이나 본 나님...ㅎㅎ겨울왕국2 사랑해♡♡♡,10
112,올라프공식:물은 모든것을 알고있다올라프가 정말 중요했던시점엘사 이쁘다,10
113,올라프랑 엘사 죽을때 마음이 찢어지는 줄 알았습니다..,8
114,겨울왕국 2가 1000만관객을 찍으니 기분좋고 예상은 1250만정도입니다. INTO THE UNKNOWN!,10
115,크리스토퍼 뮤비보고 남편이랑 개웃 ㅋㅋ올라프 헛소리도 취저 ㅋㅋㅋ,9
116,1편에 비하면 확 꽂히는 곡도 없고..(인간순록의 히트송 제외) 하지만 안나를 생각하면 가슴이 뻐근하니 5점드립니다,10
117,황홀했고 아름다웠어요. 크리스토프 혼자 노래하는신이 조금 진부 했어요~,10
118,"시리즈물은 2편에서 실망하기 마련인데, 역시 겨울왕국은 그걸 깨부셔주었습니다. 이번에도 애니메이션이지만 정말 성인까지도 마음 깊히 와닿을 수 있는 특유의 교훈은 감동이었네요. 엘사의 마법에 관한 떡밥을 풀어주는 것이 상당히 깔끔했고, 3편은 아마 한스가 나오지 않을까...",10
119,역시 겨울왕국. 초등생 딸도 저도 재밌게 봤어요,8
120,딸래미들 보여주기 위해 같이 본 건데 올라프 사라질 때 주책맞게 펑펑 울었어요ㅠㅠ,10
121,"1편의 중점은 안나 였다면, 2편의 중점은 엘사입니다.'Into the known(숨겨진세상)' 과 'Show yourself(보여줘)'가 그런 것이죠.숨겨진 세상은 처음부터 엘사에게 들려오는 의문의 소리때문에 힘겨운 것을 표현하고, 보여줘는 아토할란에 도착하여 자신의 힘이 왜 생겨났는지 어째서 자신이어...",10
122,겨울왕국 나이브스 아웃 라스트 크리스마스 크롤 중에 ..,8
123,초반에는 내용 이해가 바로 풀리진 않았지만 나중에 가니까 내용이 재미있어지고 ost도 감동적이었어요,9
124,물 말을 길들이는건 처음 봤는데 정말 멋지더라구요 이런 장면은 겨울왕국에서밖에 못봄,8
125,또 보고 싶어요~~,10
126,불의 정령...너무 귀엽고 영상미가 매우 뛰어납니다.,9
127,결국 원소술사 럭스 되는 그런 이야기죠?,9
128,"만들어줘서 고마워요~ 부모가 엘사를 위해 무언가 했다는 것에 감동 받았어요~ 처음엔 all is found가 귀에 들어왔다가 into the unknown에 소름이~ 그러다 show yourself에 감동.. 하지만, 지나고 보니 자꾸 the next right thing이 귀에 들어와요~",10
129,본격 4대강 보 해체 주장 영화,7
130,세계관 표현과 1편 이상의 영상(엘사 show yourself부분)ㄷㄷ..디즈니 영화로서의 모든걸 다했다고 볼수있음. 3편이 나올진 모르겠지만 개인적으로 기대해봅니다.,10
131,재미있었습니다,9
132,겨울왕국2가 좋은점: 엘사 개 이뻐짐 엘사 능력 제대로 나옴 귀여운에 추가(브루니)글고 ost는 영상으로 봐야 개쩜(show yourself는 진짜 영상으로 보면암) 내가 1은 한번 봤는데 겨울왕국2는 7번 본 ㄹㅈㄷ 글고 크리스토프는 고냥 반해서림 올라프는 약간 상황 전개 바뀔때 뭔가 알려줌...,10
133,엘사가 물의 정령을 길들이고 지극히 평온하게 달릴 때 눈물났다.,8
134,1편에비해 너무 음악이많음 그렇다고 와 이노래다싶은 음악도 없고 아이들의 기대치만 높여놓은듯,4
135,1보다 훨씬 재밌고 웃기고 감동적이에요.. 그리고 노래는 렛잇고를 과연 넘길수 있을까 생각했는데 그걸 뛰어넘어 버립니다... 꼭 보세요....아~~~아~~~~아~~아~~무슨소리 못들었어요.???,10
136,좋아요 좋아요 ㅎㅎ 재밋어요,7
137,벌써 3번째 관람...!너무 재밌고 슬프면서도 성장해가는 엘사와 안나를 보고 좋았어요. 중간 크리스토프의 뮤지컬.... 너무 웃겼어요. 또 보고 싶네요!,10
138,영상은 진짜진짜 화려하고 예쁜데 스토리는 1편보다 못하네요... 반전도 뻔한데 이거야 애들용이니까 그렇다 치는데 마지막에 엘사가 왜;;;진짜 감정이입 할만한 애라곤 크리스토프밖에 없네요. 프로포즈 성공한게 최고의 감동;;,6
139,"10 내평점한층 더 예뻐진 엘사와 성숙해진 안나, 그리고 여전히 귀엽고 재밌는 올라프와 멋있는 크리스토프, 또 말하는 스벤까지....역시 디즈니는 사랑입니당ㅋㅋㅋ ost도 렛잇고에는 못미치지만 최고였어용3편도 기대해봅니당~~~~",10
140,솔직히 1편에 비해 정말 별로였음. 사건 발화되는 것 부터 너무 갑작스럽고 억지로 낀 것 같은 느낌이 듬. 또 영화를 볼때 절정의 순간이 빠진 것 같아 밍밍함. 겨울왕국1은 그 과정이 좀 탄탄했던 것 같은데 2는 1같은 긴장감도 없고 그 때문인지 마지막에 문제해결됬을 때 이렇게 쉽게 끝...,4
141,이거 드래곤길들이기인줄알았다...스토리도 참 거지같다 왠만하면 이런평안하는데 전작 유명세 이용해서 표팔아먹은거같음,2
142,1학년 둥이들이랑 같이 봤는데 애들은 완전 잼있었다고 하네요.. 저는 그냥 그랬던것 같아요. 확실히 겨울왕국1이 더 감동이도 잼있었어요.. 너무 기대를 하고 봐서 그런지 스토리가 약간 별루였어요.영화가 끝나고 드는 생각은 겨울왕국이 아니라 가을왕국같다 였어요^^;;;,6
143,생각보다 재미있었어요 저는 개인적으로2보다 1이 더 재미나네요 ㅎ,8
144,영상미는 굉장히 좋아진게 느껴짐하지만 고질적 문제인 디즈니의 급전개방식 + 겨울왕국 1편의성공때문인지 과도한 뮤직 삽입 이놈저놈 다챙겨줄려다가 영상미만 좋고 되려 산만함 가중/ 뭘 말하고 싶은건지 도대체 모르겠음 나머지는 이도저도 안되는 느낌 발생 그리고 처음부터 도대...,4
145,단순한 스토리 어떻게든 벅차보이게 하려고 무진장 애쓴 느낌..전개가 정신없고 중간에 크리스토퍼 뮤비는 무엇?ㅋ어차피 마법으로 모든걸 해결할거면서 난관을 만들어놓고바위거인 나타나고 댐 얘기할때부터 아.. 부수겠구나..기억나는 OST도 없는데 노래는 왜이렇게 많이 불러ㅜ보...,6
146,1. 개연성이 낮음 (갑자기 엘사가 얼어버린다던가 방금터진 댐은 요깄는데 저~기 있던 엘사가 말타고 와서 막음) 안나가 엘사 위기를 알게되는 장면도 사실 마법이여서 다됨ㅋ 이런느낌2. 결과가 허무함: 물 난리? 그거 그냥 마법 한방이면끝임 ㅋ이러고 사실 다 사랑이였어~사랑이면 다...,3
147,"어린이들보다는 어른이들을 위한 영화인 것 같네요. 안나의 모습을 통해 아주 절망적인 상황에서도 지금의 내가 해야하는 일들을 계속해나가야 하는 어른들의 마음을 보여주는 것 같아요. 엘사를 보면서 인간이 가지는 자신의 근원에 대한 궁금증, 자신을 이해하고 받아들이기 위...",9
148,너무 재미있어서 좋아요,10
149,겨울왕국ost 음악이 나오게 해주고DVD도 나와서 겨울왕국2하고 열기도보내주면 감사합니다,10
150,너무너무 재미있었어요. 특히 엘사가 아토할란 에서 노래부를때 제일 좋았어요,10
151,겨울왕국 2 교훈은 사람은 자신의 잘못을 인정하고 잘못에 대한 책임을 질 줄 알아야 한다 ?,10
152,아무래도 영상미가 압권이었죠겨울왕국인데 눈 장면은 많이 안 나왔지만..그래도 훌륭~,8
153,스토리와 ost모두 그리고 연출도 짱!!완벽하네요!!,10
154,진짜 엘사 너무 예쁘고.. 스토리도 재밌고.. 노래도 좋았어요!,10
155,다들 노래 많아서 별로라고 하는데 난 오히려 OST위주로 전개돼서 더 좋았음. 한편의 뮤지컬을 본 것 같은 느낌. 전작과 다르게 OST 퀄리티들이 전곡 골고루 좋아서 균형도 잘 맞는듯. 엘사 안나 비율도 적절히 배분했고 난 다 좋았음. 영상미는 말할 것도 없이 당연히 최고였고. 전작에 비...,10
156,올라프의 1편요약 장면이 기가 막혔고 스토리가 줄줄 이어가서 재밌었습니다.,10
157,"다양한 세대가 즐길 수 있는 코드가 어울려져 있어서 좋음!!선명한 그래픽과 let it go 잇는 좋은 ost들!!부족에 대한 무시와 차별을 적나라게 보여주며 연결해주는 여왕과 공주의 스토리 올라프의 1,2편 요약!!",9
158,겨울왕국 1 안 보고 갔는데 올라프가 겨울왕국 1 요약해줘서 겨울왕국 1 내용이 기억이 나네요,10
159,크리스토프의 그 명대사 사랑이란 숲에서 길을 해메네연애하고싶다 OO..,9
160,아이들이 너무 재밌었다고 하네요~ 큰아이는 또보러 가고싶데요~ 그래서 제가 못바서 저랑 한번더 보기로 했네요~^^,10
161,소름,10
162,올라프 1편 간략 설명 굿 ㅋㅋ,9
163,영상 ost 다 정말 멋졌습니다.,9
164,"""어른이 된다는 것은 세상과 나를 맞추는 것"" 한층 성장한 올라프와 주인공재벌가 두딸 집안 싸움 나지 않게 골고루 나눠준 부모님의 선견지명어렸을적 만화영화 갬성 땅 바람 불 물",8
165,아이들이 오래간만에 즐거워하고 1편을 기억나게 했고 울라프에 연기가 아이들을 웃게했어요~~^^,8
166,2번이나 봤는데 스토리 ost등 너무좋았습니다 또보고싶은 이중독성 마지막 부분 ost Show Yourself 굉장히 슬펐습니다,10
167,반전을 거듭하는 겨울왕국~OST도 너무 좋고 서사도 좋은 것 같습니다.엔딩이 참 좋은 것 같아서 내용이 생생하게 기억이 남아요,10
168,올라프의 1편요약이 기가맥힙니다,10
169,뮤지컬처럼 노래도 많이 들어가 있고 나름 괜찮은 영화였습니다 겨울왕국3도 만들어주세요!,10
170,"개봉하자마자 보러갔을땐 “괜찮네. 재밌네” 였는데 두번째로 봤을땐 매 장면 소름이 돋았다. 스토리,영상미,ost 이렇게 완벽할 수가 있나싶어서. 엘사가 아토할란에 다다르며 눈물 흘릴때 같이 울었다",10
171,역쉬 걸작이네요~~~~ 기대를 저버리지 않는 스토리와 아름답고 환상적인 배경과 생동감 있는 영상 ~~~~ 최고,10
172,엘사가 노래할 때 마다 소름.. 엄마와 듀엣이 좋았다.,9
173,1.올라프의 여전한 매력2.80-90년 초반 즘 기법의 크리스토퍼 뮤비3.1편과는 또 다른 스토리,10
174,아니 크리스토프 노래가 ㅋㅋ 무슨 옛날의 백스트리트 보이즈? 그런 시대의 뮤비같아,10
175,정말 감동적이네요 ㅎㅎ 보고싶었는데 또 보고싶네요 ^^,10
176,어른과 아이모두 감동시켜주는영화였습니다,10
177,두번째 봤어요!! 1편 보다 재밌었아요!!,10
178,겨울왕국1보다도 더 마음에 와닿았던 이야기~~ 안나도 같이 돋보여서 그런 것 같기도,9
179,판타지가 재밋어요부루니가 귀여웠어요6학년인 내가내동생올라프가 웃겼데요,10
180,어마어마합니다.. 영상미 장난 아니구 엘사 넘 멋져요올라프 여전히 사랑스러워서 힐링이었어요 혀로 눈닦는 애도 짱 귀여움,9
181,아이가 넘 잼있게 잘 보았다고 합니다.,10
182,아이도재미있고어른도재미있네,10
183,엘사랑 안나가 너무 좋아요 ㅠㅠ 장면이 다 너무이쁘고 최고최고,10
184,엉엉울었답니다ㅜㅜ엘사얼음에갇힐때안나가혼자되서노래부를때울라프가사라질때ㅜㅜ울라프짧은스토리텔링도재미지네요스토리도좋고노래도좋고겨울왕국최고~!!아아아아~~~계속맴도네요,10
185,엘사다섯번째정령드레스안나여왕안나결혼,9
186,올라프~ 너무 귀여워잉~,7
187,아이들이 너무 좋아했어요,10
188,바다 씬 영상미가 뛰어납니다.감사합니다.,8
189,1편 2편 다 굿 좋았어요,10
190,이야기는 1편보다 매우 짜임새있게 잘 짜여졌고 뻔하지도 않았지만 상영시간이 짧아서 이것저것 다 뺀 느낌이라 좀 부실하다 느껴졌다. 그래도 전작보다 퀄리티가 엄청나서 1편보다 더 감탄하게 될 정도로 영상미가 정말 좋아 눈호강했다. 다만 아쉬운건 올라프의 대사를 존댓말로 번역...,8
191,아주 즐거운 시간이었어요 ㅣ편과 연결되는 스토리도 인상적이었고 좋은 여운이 남는 영화입니다,10
192,이게 다 이명박의 사대강 사업 때문임,8
193,엘사옷에 어머니들 긴장좀하실듯요,10
194,안나왕 시즌 겨울왕국3도 얼른 나오길 바랍니다.^^,10
195,아이들과 너무넘 재밌게버ㅣㅅ어요 1편보단 2편이 꿀잼,10
196,"언니가 죽었다고 생각했을 때 안나가 동굴속에서 부른 노래에 너무 감정이 잘 느껴져서 듣고 엉엉 울었다.. “어떻게 다시 일어설 수 있겠어요, 당신을 위해 일어서는게 아니라면” 라는 부분이 특히 명대사였음.. 이디나 멘젤이 엘사의 강한 카리스마와 에너지를 느끼게 해주는 목소리라면 ...",10
197,하아 아ㅏㅏ 하아 아ㅏㅏ 하아아ㅏㅏ계속 하ㅏ아하ㅏ아ㅏ 반전엄마 목소리 였다는 것에 감동3편은 왠지 더 과거로 가지않을까 싶어요 엘사옷이 현대무용옷같아서 너무이뻤습니다,10
198,음악도 좋고 영상도 좋고 스토리도 감동적이었어요 상황에 맞지 않게 크리스토프가 사랑타령하면서 노래한곡을 다 부른것 빼고는 좋았습니다,10
199,기다리던 엘사&안나 자매신나는 겨울이 더욱 셀레임 이네요♡,10
200,넘 재미나게봤습니다 아이들이 너무 좋아하네요,10
201,1편보다 스토리가 더 재미있네요,10
202,스토리가 복잡하진않지만 아이들도 보기좋게 간결하면서도 감동적으로.. 의미있게봤습니다. 아무 힘이없을것 같은 안나의 심리가 나의모습을 대변해주듯.. 요즘 지쳐있는 저의 내면에 작지만 묵직한 울림을 주네요.넘 아름다운 엘사는 얼마나 더 아름다워질수있을까 싶은데 너무 고급...,10
203,정말멋진영화이에요감동이에요,10
204,남자아이들과 재미나게 보고왔어요,8
205,"내가 생각하기에 엘사는 내면의 나(영혼), 안나는 외면의 나(몸)인것 같다. 내면의 목소리를 무시하지 말고, 잘 듣고 한계를 제한하지 말고, 외면의 나를 홀대지 하지 말고(실제로 댐을 부수고, 몸을 쓰니까) 함께 균형을 잡고 나아가면 내면과 외면의 두 왕국에 평화가 온다는 뜻같았다.",8
206,안나한테 내정 짬처리하고 엘사는 템플스테이 힐링하는 결말,10
207,올라프가 다했다.,10
208,노래도 좋고 재미었음 ㅎㅎ굿,10
209,역시 겨울왕국은 겨울 왕국 진짜 너무 재밌어요 쇼 유얼 셀프 이거할때 감동이네요,10
210,겨울왕국2 흥행을멈 추지마라 2000만돌파 해보자 그래야 3~4 나온다 아직은모르지만 1년뒤 예상 해보자고 겨울왕국2 흥행을 시글줄 모르는구나 2000만 돌파해보자.,10
211,엄마가 화면에 나올때 울어버렸다,10
212,옷 3벌 있는 엘사가 너무 이뻤어요ㅠㅠ엘사 옷 3벌 전부 다 다른 느낌이구막 장난감으로 옷 3벌 있는 엘사 나오면 꼭 살래요ㅠ영화두 진짜 옷 3벌 보는 맛으로 봤어요!그 중에 제일은 엘사가 가진 옷 3벌의 이쁨미☆,10
213,"특히 올라프의 겨울왕국 1,2편 요약에서 개 터졌고 스토리가 너무나 마음에 들었어요~",10
214,굿재미잇음 엘사 예쁨 안나도,10
215,상당히 흥미로웠고 울라프의 요약장면이 인상적이었다,8
216,엘사 안나 올라프도 열씨민데.. 왜 크리스토프는 암인가요.. 암이걸릴꺼같....,8
217,"1편의 음악에 재미를 봤는지, 2편을 뮤지컬로 만들어버렸다.★참고치★【10점:두번,세번 볼 영화】【9점:남에게 추천할 영화】【8점:재밌게 본 영화】【7점:그냥...괜찮은 영화】【6점:굳이 볼 필요가 있을까?】【5점:하아....왜 봤을까?】",8
218,엘사가 물의정령이랑 싸울때나 탈때만 멋있고 나머진 그닥 노래도 기억에 남는게 없다 알라딘 볼때처럼 신나고 힐링되고 그런느낌1도 없음,8
219,"엘사가 아토할란으로 갈때 눈물 한방울 흘렸습니다.. 너무 좋네요. 엘사와 안나의 엄마이야기가 더 많이 나왔으면 좋았을 것 같이요. 특별판으로라도 꼭 내주시길 바랍니다,,",10
220,인페니너 워~~~!겁나 잼잼!,10
221,1편보다 더 재밌었고 엘사가 많이 발달되어 새로웠음 안나는 용감해 져서 새로웠음 ost도 마음에 들었고 감동적이여서 재밌었다 그리고 엘사가 마지막 정령이려서 더 좋았다,10
222,넘나재밌다!야호호야호,10
223,엘사가 정령이었단 반전이있다,10
224,너무 꿀잼 엘사가5번째 정령이라니ㄷㄷㄷ,10
225,그 아~~아아아~아~~ 귀에맴도네ㅋㅋ,8
226,안나와 엘사의 연기가 돋보이고 이번엔 여성스럽기보단 용감한 모습이 돋보입니다 정말 많은 사람들이 와서 보니 너무 잘 나왔어요 그리고 제가 좋아하는 사람이 있어서 저도 정말 많이 좋아해요 다만 다른 이유는 남자주인공의 우유부단함이 아쉬웠지만 아이들과함께하니 정...,10
227,"너무너무 좋았어요. 화면의 영상미, ost는 말할것도 없고 1편에 비해 주인공들이 성숙한 점도 좋았고, 1편에서는 엘사와 아이들의 느낌이였는데 이번엔 확실히 안나의 비중이 커지고 안나의 성장이 두드러지는 편이였던것 같습니다. 올라프 너무귀엽구요 ㅠㅠㅠㅠ",10
228,재미있었긴했는데... 안나엘사 엄마아빠가 살아있다면 더 재미있을것같아요,10
229,재밌어서 두번 봤습니다ㅠㅠ올라프가 1편내용 요약해주는 부분이너무 귀여워욬ㅋㅋㅋㅋ,10
230,만화영화는 꼬옥 3D로 봐야 할것 같아요 엘사와 안나의 비밀 ㅎㅎ,10
231,말이 엘사 누를 때 화났다..,10
232,1편에 이어서.. 과거를 돌아가도스토리 와 음악은 아쉽지 않았네요 ㅎㅎ,10
233,"자신에게 주어진 운명과 숲의 비밀을 찾아가는 엘사와 안나의 모습에서, 특히 어려운 상황에서도 do the next right thing을 하는 안나의 모습에서 감동받았습니다. 물론 제일 사랑스러운 건 올라프? 해리포터와 이어 겨울왕국과 함께하는 세대라는 게 행복합니다!",10
234,엘사의안나에 감동적인 이야기,10
235,크리스토프의 비중도 늘어나고 lost in the wood라는 띵곡도 줘서 좋았음 스토리도 어두워서 더 재밌는 느낌 2번보고도 또 보고싶네요,10
236,엘사가 엄마 만날 때 울 뻔 했어요. 안나가 참 멋진 것 같아요.,8
237,그냥 히트작 겨울왕국의 속편으로 끝날 수도 있던 영화를 완성 그 이상으로 만들어낸 명작. ost도 완벽하고 중간 크리스토프는 조금 애매했지만 유머 시도는 좋았음...하지만 이번 영화에서 크리스토프의 역할이 너무 없어서 아쉬웠음. 하지만 안나의 성장은 너무 잘 표현했기에 대만족,10
238,이때까지 본 애니메이션 중에 감동있게 울고 본 영화 ㅠㅠ울라프 사라질때 진짜 영화관에서 소리없이 눈물 펑펑 쏟아냄ㅠㅠㅠ엘사가 얼음될때도 펑펑 운 나는 이 겨울왕국 한번 더 봐야겠어!ㅠ감독님들 사랑해요 I love you,10
239,정말 재밌게 잘 봤어요 느낌은 뮤지컬 느낌 노래가 1부보다 많네요 그림도 엄청세밀해요,8
240,"보기전에 왜 어떤 유튜버가 ""어머님 이번엔 드레스가 두 개 입니다!!"" 했는지.... 드디어 알게 됐네요...ㅋㅋ 드레스는 둘째치고 엘사의 미모가 한층 더 업그레이드 된것 같고 스토리도 좋았어요... 아이들은 정령들의 소리??에 중독된듯 나가면서 계속 소리내서 주의주어야했구요.. 실...",10
241,1편만큼 완성도 좋은 스토리입니다,10
242,"겨울왕국1의 성공은 단연 훌륭한 OST였고, 더 자세히 짚어보자면 이전의 디즈니 동화컨셉의 공주들의 결말들과는 달리 가족의 진정한 사랑이라는 점을 강조하여 많은 인기를 끌었던 것이지 스토리텔링이 훌륭하거나 처음부터 끝까지 소름돋는 세심한 연출 때문이 아님. 특히 러닝타임...",9
243,역쉬 겨울왕국 너무 멋지고 재밌었다.아이랑 우리말 녹음봣는데 그냥으로도 한번 더 보러가야겠당.,10
244,"흠 잡을게 없다. 하나도 지루하지도 않고, OST는 더 많아진듯함. 뮤지컬 보는 느낌도 있고, 스토리 전혀 유치하지 않고 판타지 얘기를 잘 써내려감. 근 2시간이 진짜 순삭임. 어벤저스 이런것들보다 훨 나았음.4DX로 봐도 좋을듯 합니다.엔딩이 뭔가 해피엔딩같으면서도 이산가족 만들어서 ...",10
245,재밌었어요,9
246,최고최고~~무지무지잼있어서2번째관람이예요5년만에다시보는겨울왕국제가엘사옷입구춤추구노래했던초등2학년시절그런데다시보고재관람~최고예요,10
247,속편이 이토록 완벽하다니엘사가 초사이언2가 된 듯,10
248,울라프가 하드캐리한작품,10
249,노래도 너무 잘부르고 너무 좋고 스토리가 지루하지 않아서 몰입도가 높았어요^^ 근데 크리스토퍼 노래할땐 발라드 뮤직비디오 같았어요ㅋㅋ,10
250,"엘사가 자신을 찾아가는 여정, 함께하는 사람 없이는 불가능해서 더 멋진 영화. 모든 답은 사랑입니다!!!!가족사랑 친구사랑 연인사랑!",10
251,1편만큼 잼있다. 두번봐라,10
252,올라프 1편요약...크 대박입니다. 꼭 보시길 아 노래 중독성 대박이여서 목욕할때 화장실에서 맨날 부르네용 ㅎ,10
253,감동 포인트는 엘사가 아토할렌에서 엄마를 만나며 각성하는 장면! 올라프와 안나의 케미도 너무 재밌고 1편에서 나왔던 요소들이 다시 재밌게 추억회상처럼 나와서 좋았어요,10
254,노래 진짜 이렇게 좋을수가!,10
255,시즌 1에 이어서 시즌 2도 실망감을 안겨주진 않았습니다. 그러나 시즌 2가 시즌 1보다는 ost 면이나 스토리 면에서 약한 느낌이 살짝 들었어요. 그래도 시즌 2도 그 나름대로의 감동이 있었습니다. 올라프의 기가막힌 1편 줄거리 설명과 영화가 끝나고나서 저도 모르게 나오는 아아아아~~ ...,8
256,엘사가 안나를 많이 보호한다는게 느껴지고 크리스토프의 ost와 다양한 안나와 엘사의 ost도 좋았던것 같아요,10
257,노래가 넘 좋았어요^^,10
258,올라프는 영화리뷰 하러 가야함ㅋㅋ,10
259,'물은 기억이 있다.'전체적으로 너무 아름다웠고 보면서 노래들이 감정이 너무 잘 표현되어서 안나 독백에서 펑펑 울었어요... 근데 크리스토프 노래는 좀... ㅋㅋ 근데 웃겼어욬ㅋㅋ,10
260,"어른이되면 다 이해할 날이올거야, 변화가 두려워 지금의 행복이 좋은데.. 안나는 살아가며 장례식이 늘어나는 아픔을, 크리스토퍼는 연인의 사랑에서 부부의 사랑을, 엘사는 피할수없이 이끌리게되는 첫경험을, 그리고 믿고싶지않은 진실로 가득한세상을.. 알아가는 아름답고도 고단한...",9
261,스포일러 잇어여 재밋뜸~~,9
262,엘사의 자아정체를 찾는 여정,9
263,악역이 없어서 아쉬어요.3편에는 악역을 넣어주세요.그렇지만 역시 겨울왕국^^!,8
264,Long live the Queens!,10
265,여러분 자막과 더빙 둘 다 보세요! 두번 보세요! 최고입니다!부모님의 과거 이야기로 겨울왕국 3이 나오면 좋겠지만2시간 동안 풀기에는 시간이 남을 것 같아서 2로 끝나는게 좋을지도 모르겠네요.,10
266,마지막에 엘사로 엔딩된게 기억납니다잊지 않을게 엘사.. I LOVE YOU!!!,10
267,처음에는 엘사여왕님 미모에 반하고 봤는데 다 보고 나면 걍 멋짐 여왕에서 하다못해 신이 되어버린 당신... 너무 머시써 말타는 씬이 이렇게 잘 어울리 줄은. 노래는 1편만큼 통통튀고 귀에 박히는 노래들 보다는 스토리가 스토리인 만큼 더 감성적이고 울림을 줄 수 있는 노래들이라 따라...,9
268,올라프너무 제미있네요,10
269,딸이랑 오랜만에 같이봣는데 즐겁게왓네용,10
